Test_ID,Status,Owner,Segment,Hypothesis,Primary_KPI,Baseline,MDE_Target,Variant_A,Variant_B,Variant_C,Sample_Size,Start_Date,End_Date,Duration_Days,P_Value,Uplift_Absolute,Uplift_Relative,CI_Lower,CI_Upper,Decision,Next_Action,Learning
LP_H1_Proof_Q1,Completed,Product Manager,RH PME,"Preuve chiffrée en H1 ↑ CVR de +2 pts car réduction friction cognitive",CVR visite→signup,3.2%,5.2%,H1: Panel en 2 min,H1: -30% no-shows,,1200,2024-10-01,2024-10-15,14,0.032,+1.8 pts,+56%,0.3,3.3,START,Deploy variant B,La preuve chiffrée surperforme le bénéfice temps
Email_Subject_2min,Running,Growth Lead,Signups récents,"Objet '2 min' ↑ Activation J1 de +3 pts vs 'no-shows'",Activation J1,25%,28%,Objet: no-shows,Objet: 2 min,,800,2024-10-15,2024-10-22,7,,,,,,,En cours,Angle temps plus motivant (early signals)
Ads_Hook_NoShows,Planned,Performance Marketing,RH LinkedIn,"Hook 'no-shows' ↑ CTR de +0.5 pts car plus mémorable",CTR,1.2%,1.7%,Hook: allers-retours,Hook: no-shows,,2000,2024-10-25,2024-11-05,10,,,,,,,À lancer,Hook spécifique vs générique
Onboarding_Steps,Draft,UX Designer,New Users,"Réduire étapes onboarding ↑ Activation de +5 pts car moins friction",Activation Rate,68%,73%,5 étapes actuelles,3 étapes simplifiées,,1500,2024-11-01,2024-11-15,14,,,,,,,À designer,Simplification vs guidage complet
Pricing_Page_Layout,Ideation,Product Marketing,Trial Users,"Table comparaison ↑ Trial→Paid de +3 pts car clarté",Trial to Paid CVR,18%,21%,Layout actuel,Table comparative,FAQ détaillée,1000,2024-11-10,2024-11-24,14,,,,,,,À prioriser,Impact de la clarté pricing
Dashboard_Default_View,Completed,Data Team,Active Users,"Vue revenue-first ↑ Feature usage de +4 pts car focus valeur",Feature Usage Rate,34%,38%,Vue standard,Vue revenue-first,,900,2024-09-15,2024-09-29,14,0.087,+2.1 pts,+6%,-0.3,4.5,KILL,Test approche différente,Vue revenue pas significativement meilleure
Push_Notification_Time,Ready,Mobile Team,App Users,"Notifications 19h ↑ CTR de +1 pt car moment optimal",Notification CTR,4.2%,5.2%,Notifications 12h,Notifications 19h,,1200,2024-11-05,2024-11-19,14,,,,,,,À lancer,Timing impact sur engagement mobile
Landing_Social_Proof,Iterated,Conversion Team,Website Visitors,"Logos entreprises ↑ CVR de +1.5 pts mais A/B/C pas concluant",CVR Landing,2.8%,4.3%,Sans logos,Logos clients,Testimonials,1500,2024-09-20,2024-10-04,14,0.156,+0.8 pts,+29%,-0.1,1.7,ITERATE,Test logos + testimonials,Logos seuls insuffisants mais signaux positifs
