Stage (AAARRR),KPI,Segment(s),Formula (plain text),Baseline,Target,Green|Amber|Red,Owner,Notes
Acquisition,CVR visite→signup,Source=Paid/Organic,signups / visitors,5%,7%,≥7% | 5–6.9% | <5%,PMM,"H1, preuve, formulaire"
Activation,Activation rate,Persona=AE/RH/Indé,activated / signups,40%,50%,≥50% | 45–49% | <45%,PM,Onboarding 3–5 étapes
Activation,TTFV (médian),Plan=Free/Pro,median(time_to_first_value),18h,<12h,<12h | 12–15h | >15h,UX,"Templates, nudges 24h"
Rétention,Stickiness (DAU/MAU),App/Web,DAU / MAU,0.25,0.35,≥0.35 | 0.28–0.34 | <0.28,Analyst,Empty states utiles
Revenus,Free→Paid D30,Cohorte d’acquisition,paid_users_d30 / free_users,8%,10%,+10% | 8–9.9% | <8%,Growth,Paywall clair
Referral,K-factor,Tous,invites_per_user × invite_conversion,0.18,0.25,≥0.25 | 0.20–0.24 | <0.20,Lifecycle,Double-sided referral
